{"b4w_format_version": "6.03", "b4w_filepath_blend": "../blender/gim.blend", "actions": [], "images": [{"name": "logo", "uuid": "ec39655a65afa833fadede7c1a6c9a9a", "filepath": "logo.png", "size": [512, 512], "source": "FILE", "colorspace_settings_name": "sRGB"}], "textures": [{"name": "logo", "uuid": "f9bf7f93295fbced32c8bca626828480", "type": "IMAGE", "b4w_source_type": "NONE", "b4w_source_id": "", "b4w_source_size": "128", "b4w_enable_canvas_mipmapping": true, "extension": "REPEAT", "b4w_use_map_parallax": false, "b4w_parallax_scale": 0.02, "b4w_parallax_steps": 5, "b4w_parallax_lod_dist": 5, "b4w_water_foam": false, "b4w_foam_uv_freq": [1, 1], "b4w_foam_uv_magnitude": [1, 1], "b4w_shore_dist_map": false, "b4w_anisotropic_filtering": "DEFAULT", "b4w_shore_boundings": [0, 0, 0, 0], "b4w_max_shore_dist": 100, "b4w_disable_compression": false, "b4w_use_as_skydome": true, "b4w_use_as_environment_lighting": false, "image": {"uuid": "ec39655a65afa833fadede7c1a6c9a9a"}, "frame_duration": 0, "frame_offset": 0, "frame_start": 0, "use_auto_refresh": false, "use_cyclic": false, "movie_length": 0, "b4w_nla_video": false, "noise_intensity": null, "noise_scale": null, "use_color_ramp": false, "color_ramp": null}], "materials": [{"use_orco_tex_coord": true, "name": "Material", "use_nodes": true, "diffuse_color": [1, 1, 1], "diffuse_shader": "LAMBERT", "roughness": 0.5, "diffuse_fresnel": 0.1, "diffuse_fresnel_factor": 0.5, "darkness": 1, "diffuse_toon_size": 0.5, "diffuse_toon_smooth": 0.1, "diffuse_intensity": 1, "alpha": 1, "specular_alpha": 1, "raytrace_mirror": {"reflect_factor": 0, "fresnel": 0, "fresnel_factor": 1.25}, "specular_color": [1, 1, 1], "specular_intensity": 0.5, "specular_shader": "COOKTORR", "specular_hardness": 50, "specular_ior": 4, "specular_slope": 0.1, "specular_toon_size": 0.5, "specular_toon_smooth": 0.1, "emit": 0, "ambient": 1, "use_vertex_color_paint": false, "b4w_water": false, "b4w_water_shore_smoothing": true, "b4w_water_absorb_factor": 6, "b4w_water_dynamic": false, "b4w_waves_height": 1, "b4w_waves_length": 10, "b4w_generated_mesh": false, "b4w_water_num_cascads": 5, "b4w_water_subdivs": 64, "b4w_water_detailed_dist": 1000, "b4w_water_fog_color": [0.4, 0.6, 0.7], "b4w_water_fog_density": 0.06, "b4w_foam_factor": 0.5, "b4w_shallow_water_col": [0, 0.8, 0.3], "b4w_shore_water_col": [0, 0.9, 0.2], "b4w_shallow_water_col_fac": 1, "b4w_shore_water_col_fac": 0.5, "b4w_water_dst_noise_scale0": 0.05, "b4w_water_dst_noise_scale1": 0.03, "b4w_water_dst_noise_freq0": 1.3, "b4w_water_dst_noise_freq1": 1, "b4w_water_dir_min_shore_fac": 0.4, "b4w_water_dir_freq": 0.5, "b4w_water_dir_noise_scale": 0.05, "b4w_water_dir_noise_freq": 0.07, "b4w_water_dir_min_noise_fac": 0.5, "b4w_water_dst_min_fac": 0.2, "b4w_water_waves_hor_fac": 5, "b4w_water_sss_strength": 1, "b4w_water_sss_width": 0.45, "b4w_water_norm_uv_velocity": 0.05, "b4w_water_enable_caust": false, "b4w_water_caust_scale": 0.25, "b4w_water_caust_brightness": 0.5, "b4w_terrain": false, "b4w_dynamic_grass_size": "", "b4w_dynamic_grass_color": "", "b4w_do_not_render": false, "b4w_lens_flares": false, "b4w_collision": false, "b4w_use_ghost": false, "b4w_collision_id": "", "b4w_collision_margin": 0.03999999910593033, "b4w_collision_group": 128, "b4w_collision_mask": 65407, "b4w_double_sided_lighting": false, "b4w_wettable": false, "b4w_refractive": false, "b4w_refr_bump": 0.0010000000474974513, "b4w_render_above_all": false, "physics": {"friction": 0.5, "elasticity": 0}, "type": "SURFACE", "b4w_halo_sky_stars": false, "b4w_halo_stars_blend_height": 10.0, "b4w_halo_stars_min_height": 0.0, "halo": {"hardness": 50, "size": 0.5, "b4w_halo_rings_color": [1, 1, 1], "b4w_halo_lines_color": [1, 1, 1], "ring_count": 0, "line_count": 0, "star_tip_count": 0}, "use_transparency": true, "use_shadeless": false, "use_tangent_shading": false, "pass_index": 0, "offset_z": 1, "game_settings": {"alpha_blend": "ALPHA", "use_backface_culling": true}, "uv_vc_key": "", "node_tree": {"nodes": [{"name": "Output", "type": "OUTPUT", "inputs": [{"name": "Color", "identifier": "Color", "is_linked": false, "default_value": [1, 1, 1, 1]}, {"name": "Alpha", "identifier": "Alpha", "is_linked": true, "default_value": 1}], "outputs": []}, {"name": "Group", "type": "GROUP", "node_tree_name": "B4W_SMOOTHSTEP", "node_group": {"uuid": "fc777e24be1974df355661532803e91e"}, "inputs": [{"name": "Value", "identifier": "Input_1", "is_linked": true, "default_value": 0.5}, {"name": "Edge0", "identifier": "Input_5", "is_linked": false, "default_value": 1}, {"name": "Edge1", "identifier": "Input_7", "is_linked": false, "default_value": 0.3}], "outputs": [{"name": "Value", "identifier": "Output_3", "is_linked": true, "default_value": 0}]}, {"name": "Vector Math", "type": "VECT_MATH", "operation": "NORMALIZE", "inputs": [{"name": "Vector", "identifier": "Vector", "is_linked": true, "default_value": [0.5, 0.5, 0.5]}, {"name": "Vector", "identifier": "Vector_001", "is_linked": false, "default_value": [0, 0, 0]}], "outputs": [{"name": "Vector", "identifier": "Vector", "is_linked": false, "default_value": [0, 0, 0]}, {"name": "Value", "identifier": "Value", "is_linked": true, "default_value": 0}]}, {"name": "Geometry", "type": "GEOMETRY", "uv_layer": "", "color_layer": "", "inputs": [], "outputs": [{"name": "Global", "identifier": "Global", "is_linked": false, "default_value": [0, 0, 0]}, {"name": "Local", "identifier": "Local", "is_linked": false, "default_value": [0, 0, 0]}, {"name": "View", "identifier": "View", "is_linked": false, "default_value": [0, 0, 0]}, {"name": "Orco", "identifier": "Orco", "is_linked": true, "default_value": [0, 0, 0]}, {"name": "UV", "identifier": "UV", "is_linked": false, "default_value": [0, 0, 0]}, {"name": "Normal", "identifier": "Normal", "is_linked": false, "default_value": [0, 0, 0]}, {"name": "Vertex Color", "identifier": "Vertex Color", "is_linked": false, "default_value": [0, 0, 0, 0]}, {"name": "Vertex Alpha", "identifier": "Vertex Alpha", "is_linked": false, "default_value": 0}, {"name": "Front/Back", "identifier": "Front/Back", "is_linked": false, "default_value": 0}]}], "links": [{"from_node": {"name": "Geometry"}, "to_node": {"name": "Vector Math"}, "from_socket": {"identifier": "Orco"}, "to_socket": {"identifier": "Vector"}}, {"from_node": {"name": "Vector Math"}, "to_node": {"name": "Group"}, "from_socket": {"identifier": "Value"}, "to_socket": {"identifier": "Input_1"}}, {"from_node": {"name": "Group"}, "to_node": {"name": "Output"}, "from_socket": {"identifier": "Output_3"}, "to_socket": {"identifier": "Alpha"}}], "animation_data": null}, "texture_slots": [], "uuid": "36bb50b617b4ecf9b300ca03c061d382", "source_uuid": "36bb50b617b4ecf9b300ca03c061d382"}, {"use_orco_tex_coord": false, "name": "logo", "use_nodes": true, "diffuse_color": [1, 1, 1], "diffuse_shader": "LAMBERT", "roughness": 0.5, "diffuse_fresnel": 0.1, "diffuse_fresnel_factor": 0.5, "darkness": 1, "diffuse_toon_size": 0.5, "diffuse_toon_smooth": 0.1, "diffuse_intensity": 1, "alpha": 1, "specular_alpha": 1, "raytrace_mirror": {"reflect_factor": 0, "fresnel": 0, "fresnel_factor": 1.25}, "specular_color": [1, 1, 1], "specular_intensity": 0.5, "specular_shader": "COOKTORR", "specular_hardness": 10, "specular_ior": 4, "specular_slope": 0.1, "specular_toon_size": 0.5, "specular_toon_smooth": 0.1, "emit": 0, "ambient": 1, "use_vertex_color_paint": false, "b4w_water": false, "b4w_water_shore_smoothing": true, "b4w_water_absorb_factor": 6, "b4w_water_dynamic": false, "b4w_waves_height": 1, "b4w_waves_length": 10, "b4w_generated_mesh": false, "b4w_water_num_cascads": 5, "b4w_water_subdivs": 64, "b4w_water_detailed_dist": 1000, "b4w_water_fog_color": [0.4, 0.6, 0.7], "b4w_water_fog_density": 0.06, "b4w_foam_factor": 0.5, "b4w_shallow_water_col": [0, 0.8, 0.3], "b4w_shore_water_col": [0, 0.9, 0.2], "b4w_shallow_water_col_fac": 1, "b4w_shore_water_col_fac": 0.5, "b4w_water_dst_noise_scale0": 0.05, "b4w_water_dst_noise_scale1": 0.03, "b4w_water_dst_noise_freq0": 1.3, "b4w_water_dst_noise_freq1": 1, "b4w_water_dir_min_shore_fac": 0.4, "b4w_water_dir_freq": 0.5, "b4w_water_dir_noise_scale": 0.05, "b4w_water_dir_noise_freq": 0.07, "b4w_water_dir_min_noise_fac": 0.5, "b4w_water_dst_min_fac": 0.2, "b4w_water_waves_hor_fac": 5, "b4w_water_sss_strength": 1, "b4w_water_sss_width": 0.45, "b4w_water_norm_uv_velocity": 0.05, "b4w_water_enable_caust": false, "b4w_water_caust_scale": 0.25, "b4w_water_caust_brightness": 0.5, "b4w_terrain": false, "b4w_dynamic_grass_size": "", "b4w_dynamic_grass_color": "", "b4w_do_not_render": false, "b4w_lens_flares": false, "b4w_collision": false, "b4w_use_ghost": false, "b4w_collision_id": "", "b4w_collision_margin": 0.03999999910593033, "b4w_collision_group": 128, "b4w_collision_mask": 65407, "b4w_double_sided_lighting": false, "b4w_wettable": false, "b4w_refractive": false, "b4w_refr_bump": 0.0010000000474974513, "b4w_render_above_all": false, "physics": {"friction": 0.5, "elasticity": 0}, "type": "SURFACE", "b4w_halo_sky_stars": false, "b4w_halo_stars_blend_height": 10.0, "b4w_halo_stars_min_height": 0.0, "halo": {"hardness": 10, "size": 0.5, "b4w_halo_rings_color": [1, 1, 1], "b4w_halo_lines_color": [1, 1, 1], "ring_count": 0, "line_count": 0, "star_tip_count": 0}, "use_transparency": false, "use_shadeless": false, "use_tangent_shading": false, "pass_index": 0, "offset_z": 0, "game_settings": {"alpha_blend": "OPAQUE", "use_backface_culling": true}, "uv_vc_key": "UVMapUVMap", "node_tree": {"nodes": [{"name": "Output", "type": "OUTPUT", "inputs": [{"name": "Color", "identifier": "Color", "is_linked": true, "default_value": [0, 0, 0, 1]}, {"name": "Alpha", "identifier": "Alpha", "is_linked": false, "default_value": 1}], "outputs": []}, {"name": "Geometry", "type": "GEOMETRY", "uv_layer": "", "color_layer": "", "inputs": [], "outputs": [{"name": "Global", "identifier": "Global", "is_linked": false, "default_value": [0, 0, 0]}, {"name": "Local", "identifier": "Local", "is_linked": false, "default_value": [0, 0, 0]}, {"name": "View", "identifier": "View", "is_linked": false, "default_value": [0, 0, 0]}, {"name": "Orco", "identifier": "Orco", "is_linked": false, "default_value": [0, 0, 0]}, {"name": "UV", "identifier": "UV", "is_linked": true, "default_value": [0, 0, 0]}, {"name": "Normal", "identifier": "Normal", "is_linked": false, "default_value": [0, 0, 0]}, {"name": "Vertex Color", "identifier": "Vertex Color", "is_linked": false, "default_value": [0, 0, 0, 0]}, {"name": "Vertex Alpha", "identifier": "Vertex Alpha", "is_linked": false, "default_value": 0}, {"name": "Front/Back", "identifier": "Front/Back", "is_linked": false, "default_value": 0}]}, {"name": "Mapping", "type": "MAPPING", "translation": [0, 0.205, 0], "rotation": [0, 0, 0], "scale": [0.7, 0.7, 0], "vector_type": "POINT", "use_min": true, "use_max": false, "min": [-0.7, -0.4, 0], "max": [1, 1, 1], "inputs": [{"name": "Vector", "identifier": "Vector", "is_linked": true, "default_value": [0, 0, 0]}], "outputs": [{"name": "Vector", "identifier": "Vector", "is_linked": true, "default_value": [0, 0, 0]}]}, {"name": "Mix", "type": "MIX_RGB", "blend_type": "MIX", "use_clamp": false, "inputs": [{"name": "Fac", "identifier": "Fac", "is_linked": true, "default_value": 0.5}, {"name": "Color1", "identifier": "Color1", "is_linked": false, "default_value": [1, 1, 1, 1]}, {"name": "Color2", "identifier": "Color2", "is_linked": true, "default_value": [0.5, 0.5, 0.5, 1]}], "outputs": [{"name": "Color", "identifier": "Color", "is_linked": true, "default_value": [0, 0, 0, 0]}]}, {"name": "Material", "type": "MATERIAL", "material_name": "logo", "specular_shader": "COOKTORR", "specular_hardness": 10, "specular_slope": 0.1, "specular_toon_size": 0.5, "specular_toon_smooth": 0.1, "specular_intensity": 0.5, "specular_ior": 4, "diffuse_shader": "LAMBERT", "use_shadeless": false, "use_tangent_shading": false, "specular_alpha": 1.0, "alpha": 1.0, "diffuse_intensity": 1.0, "roughness": 0.5, "diffuse_fresnel": 0.1, "diffuse_fresnel_factor": 0.5, "darkness": 1, "diffuse_toon_size": 0.5, "diffuse_toon_smooth": 0.1, "use_diffuse": true, "use_specular": true, "invert_normal": false, "inputs": [{"name": "Color", "identifier": "Color", "is_linked": true, "default_value": [1, 1, 1, 1]}, {"name": "Spec", "identifier": "Spec", "is_linked": true, "default_value": [1, 1, 1, 1]}, {"name": "DiffuseIntensity", "identifier": "DiffuseIntensity", "is_linked": false, "default_value": 1}, {"name": "Normal", "identifier": "Normal", "is_linked": false, "default_value": [0, 0, 0]}], "outputs": [{"name": "Color", "identifier": "Color", "is_linked": true, "default_value": [0, 0, 0, 0]}, {"name": "Alpha", "identifier": "Alpha", "is_linked": false, "default_value": 0}, {"name": "Normal", "identifier": "Normal", "is_linked": false, "default_value": [0, 0, 0]}]}, {"name": "Texture", "type": "TEXTURE", "texture": {"uuid": "f9bf7f93295fbced32c8bca626828480"}, "inputs": [{"name": "Vector", "identifier": "Vector", "is_linked": true, "default_value": [0, 0, 0]}], "outputs": [{"name": "Value", "identifier": "Value", "is_linked": true, "default_value": 0}, {"name": "Color", "identifier": "Color", "is_linked": true, "default_value": [0, 0, 0, 0]}, {"name": "Normal", "identifier": "Normal", "is_linked": false, "default_value": [0, 0, 0]}]}], "links": [{"from_node": {"name": "Material"}, "to_node": {"name": "Output"}, "from_socket": {"identifier": "Color"}, "to_socket": {"identifier": "Color"}}, {"from_node": {"name": "Geometry"}, "to_node": {"name": "Mapping"}, "from_socket": {"identifier": "UV"}, "to_socket": {"identifier": "Vector"}}, {"from_node": {"name": "Texture"}, "to_node": {"name": "Mix"}, "from_socket": {"identifier": "Value"}, "to_socket": {"identifier": "Fac"}}, {"from_node": {"name": "Mix"}, "to_node": {"name": "Material"}, "from_socket": {"identifier": "Color"}, "to_socket": {"identifier": "Color"}}, {"from_node": {"name": "Texture"}, "to_node": {"name": "Mix"}, "from_socket": {"identifier": "Color"}, "to_socket": {"identifier": "Color2"}}, {"from_node": {"name": "Mapping"}, "to_node": {"name": "Texture"}, "from_socket": {"identifier": "Vector"}, "to_socket": {"identifier": "Vector"}}, {"from_node": {"name": "Mix"}, "to_node": {"name": "Material"}, "from_socket": {"identifier": "Color"}, "to_socket": {"identifier": "Spec"}}], "animation_data": null}, "texture_slots": [], "uuid": "517252478b1d4921f1e287bb3bfb1554", "source_uuid": "e8b1037befe7c0ae6ffd09cf742c3ee5"}, {"use_orco_tex_coord": true, "name": "shadow_plane", "use_nodes": true, "diffuse_color": [1, 1, 1], "diffuse_shader": "LAMBERT", "roughness": 0.5, "diffuse_fresnel": 0.1, "diffuse_fresnel_factor": 0.5, "darkness": 1, "diffuse_toon_size": 0.5, "diffuse_toon_smooth": 0.1, "diffuse_intensity": 1, "alpha": 0.2, "specular_alpha": 1, "raytrace_mirror": {"reflect_factor": 0, "fresnel": 0, "fresnel_factor": 1.25}, "specular_color": [1, 1, 1], "specular_intensity": 0.5, "specular_shader": "COOKTORR", "specular_hardness": 50, "specular_ior": 4, "specular_slope": 0.1, "specular_toon_size": 0.5, "specular_toon_smooth": 0.1, "emit": 0, "ambient": 1, "use_vertex_color_paint": false, "b4w_water": false, "b4w_water_shore_smoothing": true, "b4w_water_absorb_factor": 6, "b4w_water_dynamic": false, "b4w_waves_height": 1, "b4w_waves_length": 10, "b4w_generated_mesh": false, "b4w_water_num_cascads": 5, "b4w_water_subdivs": 64, "b4w_water_detailed_dist": 1000, "b4w_water_fog_color": [0.4, 0.6, 0.7], "b4w_water_fog_density": 0.06, "b4w_foam_factor": 0.5, "b4w_shallow_water_col": [0, 0.8, 0.3], "b4w_shore_water_col": [0, 0.9, 0.2], "b4w_shallow_water_col_fac": 1, "b4w_shore_water_col_fac": 0.5, "b4w_water_dst_noise_scale0": 0.05, "b4w_water_dst_noise_scale1": 0.03, "b4w_water_dst_noise_freq0": 1.3, "b4w_water_dst_noise_freq1": 1, "b4w_water_dir_min_shore_fac": 0.4, "b4w_water_dir_freq": 0.5, "b4w_water_dir_noise_scale": 0.05, "b4w_water_dir_noise_freq": 0.07, "b4w_water_dir_min_noise_fac": 0.5, "b4w_water_dst_min_fac": 0.2, "b4w_water_waves_hor_fac": 5, "b4w_water_sss_strength": 1, "b4w_water_sss_width": 0.45, "b4w_water_norm_uv_velocity": 0.05, "b4w_water_enable_caust": false, "b4w_water_caust_scale": 0.25, "b4w_water_caust_brightness": 0.5, "b4w_terrain": false, "b4w_dynamic_grass_size": "", "b4w_dynamic_grass_color": "", "b4w_do_not_render": false, "b4w_lens_flares": false, "b4w_collision": false, "b4w_use_ghost": false, "b4w_collision_id": "", "b4w_collision_margin": 0.03999999910593033, "b4w_collision_group": 128, "b4w_collision_mask": 65407, "b4w_double_sided_lighting": false, "b4w_wettable": false, "b4w_refractive": false, "b4w_refr_bump": 0.0010000000474974513, "b4w_render_above_all": false, "physics": {"friction": 0.5, "elasticity": 0}, "type": "SURFACE", "b4w_halo_sky_stars": false, "b4w_halo_stars_blend_height": 10.0, "b4w_halo_stars_min_height": 0.0, "halo": {"hardness": 50, "size": 0.5, "b4w_halo_rings_color": [1, 1, 1], "b4w_halo_lines_color": [1, 1, 1], "ring_count": 0, "line_count": 0, "star_tip_count": 0}, "use_transparency": true, "use_shadeless": false, "use_tangent_shading": false, "pass_index": 0, "offset_z": 0, "game_settings": {"alpha_blend": "ALPHA", "use_backface_culling": true}, "uv_vc_key": "", "node_tree": {"nodes": [{"name": "Material", "type": "MATERIAL", "material_name": "shadow_plane", "specular_shader": "COOKTORR", "specular_hardness": 50, "specular_slope": 0.1, "specular_toon_size": 0.5, "specular_toon_smooth": 0.1, "specular_intensity": 0.5, "specular_ior": 4, "diffuse_shader": "LAMBERT", "use_shadeless": false, "use_tangent_shading": false, "specular_alpha": 1.0, "alpha": 0.20000000298023224, "diffuse_intensity": 1.0, "roughness": 0.5, "diffuse_fresnel": 0.1, "diffuse_fresnel_factor": 0.5, "darkness": 1, "diffuse_toon_size": 0.5, "diffuse_toon_smooth": 0.1, "use_diffuse": true, "use_specular": false, "invert_normal": false, "inputs": [{"name": "Color", "identifier": "Color", "is_linked": false, "default_value": [1, 1, 1, 1]}, {"name": "Spec", "identifier": "Spec", "is_linked": false, "default_value": [1, 1, 1, 1]}, {"name": "DiffuseIntensity", "identifier": "DiffuseIntensity", "is_linked": false, "default_value": 1}, {"name": "Normal", "identifier": "Normal", "is_linked": false, "default_value": [0, 0, 0]}], "outputs": [{"name": "Color", "identifier": "Color", "is_linked": true, "default_value": [0, 0, 0, 0]}, {"name": "Alpha", "identifier": "Alpha", "is_linked": false, "default_value": 0}, {"name": "Normal", "identifier": "Normal", "is_linked": false, "default_value": [0, 0, 0]}]}, {"name": "Invert", "type": "INVERT", "inputs": [{"name": "Fac", "identifier": "Fac", "is_linked": false, "default_value": 1}, {"name": "Color", "identifier": "Color", "is_linked": true, "default_value": [0, 0, 0, 1]}], "outputs": [{"name": "Color", "identifier": "Color", "is_linked": true, "default_value": [0, 0, 0, 0]}]}, {"name": "RGB to BW", "type": "RGBTOBW", "inputs": [{"name": "Color", "identifier": "Color", "is_linked": true, "default_value": [0.5, 0.5, 0.5, 1]}], "outputs": [{"name": "Val", "identifier": "Val", "is_linked": true, "default_value": 0}]}, {"name": "Math", "type": "MATH", "operation": "MULTIPLY", "use_clamp": false, "inputs": [{"name": "Value", "identifier": "Value", "is_linked": true, "default_value": 0.5}, {"name": "Value", "identifier": "Value_001", "is_linked": true, "default_value": 0.5}], "outputs": [{"name": "Value", "identifier": "Value", "is_linked": true, "default_value": 0}]}, {"name": "Geometry", "type": "GEOMETRY", "uv_layer": "", "color_layer": "", "inputs": [], "outputs": [{"name": "Global", "identifier": "Global", "is_linked": false, "default_value": [0, 0, 0]}, {"name": "Local", "identifier": "Local", "is_linked": false, "default_value": [0, 0, 0]}, {"name": "View", "identifier": "View", "is_linked": false, "default_value": [0, 0, 0]}, {"name": "Orco", "identifier": "Orco", "is_linked": true, "default_value": [0, 0, 0]}, {"name": "UV", "identifier": "UV", "is_linked": false, "default_value": [0, 0, 0]}, {"name": "Normal", "identifier": "Normal", "is_linked": false, "default_value": [0, 0, 0]}, {"name": "Vertex Color", "identifier": "Vertex Color", "is_linked": false, "default_value": [0, 0, 0, 0]}, {"name": "Vertex Alpha", "identifier": "Vertex Alpha", "is_linked": false, "default_value": 0}, {"name": "Front/Back", "identifier": "Front/Back", "is_linked": false, "default_value": 0}]}, {"name": "Vector Math", "type": "VECT_MATH", "operation": "NORMALIZE", "inputs": [{"name": "Vector", "identifier": "Vector", "is_linked": true, "default_value": [0.5, 0.5, 0.5]}, {"name": "Vector", "identifier": "Vector_001", "is_linked": false, "default_value": [0, 0, 0]}], "outputs": [{"name": "Vector", "identifier": "Vector", "is_linked": false, "default_value": [0, 0, 0]}, {"name": "Value", "identifier": "Value", "is_linked": true, "default_value": 0}]}, {"name": "Output", "type": "OUTPUT", "inputs": [{"name": "Color", "identifier": "Color", "is_linked": false, "default_value": [0.045, 0.066, 0.081, 1]}, {"name": "Alpha", "identifier": "Alpha", "is_linked": true, "default_value": 1}], "outputs": []}, {"name": "Group.001", "type": "GROUP", "node_tree_name": "B4W_SMOOTHSTEP", "node_group": {"uuid": "fc777e24be1974df355661532803e91e"}, "inputs": [{"name": "Value", "identifier": "Input_1", "is_linked": true, "default_value": 0.5}, {"name": "Edge0", "identifier": "Input_5", "is_linked": false, "default_value": 1}, {"name": "Edge1", "identifier": "Input_7", "is_linked": false, "default_value": -0.2}], "outputs": [{"name": "Value", "identifier": "Output_3", "is_linked": true, "default_value": 0}]}], "links": [{"from_node": {"name": "Geometry"}, "to_node": {"name": "Vector Math"}, "from_socket": {"identifier": "Orco"}, "to_socket": {"identifier": "Vector"}}, {"from_node": {"name": "Material"}, "to_node": {"name": "Invert"}, "from_socket": {"identifier": "Color"}, "to_socket": {"identifier": "Color"}}, {"from_node": {"name": "Invert"}, "to_node": {"name": "RGB to BW"}, "from_socket": {"identifier": "Color"}, "to_socket": {"identifier": "Color"}}, {"from_node": {"name": "RGB to BW"}, "to_node": {"name": "Math"}, "from_socket": {"identifier": "Val"}, "to_socket": {"identifier": "Value"}}, {"from_node": {"name": "Math"}, "to_node": {"name": "Output"}, "from_socket": {"identifier": "Value"}, "to_socket": {"identifier": "Alpha"}}, {"from_node": {"name": "Vector Math"}, "to_node": {"name": "Group.001"}, "from_socket": {"identifier": "Value"}, "to_socket": {"identifier": "Input_1"}}, {"from_node": {"name": "Group.001"}, "to_node": {"name": "Math"}, "from_socket": {"identifier": "Output_3"}, "to_socket": {"identifier": "Value_001"}}], "animation_data": null}, "texture_slots": [], "uuid": "61e4262fb67a6ad39f2bc98e7c262e98", "source_uuid": "61e4262fb67a6ad39f2bc98e7c262e98"}], "meshes": [{"name": "Plane", "uuid": "2467a824f48d191a49a5e45212b24fb8", "materials": [{"uuid": "36bb50b617b4ecf9b300ca03c061d382"}], "b4w_vertex_anim": [], "vertex_groups": [], "uv_textures": [], "active_vcol_name": "", "active_uv_name": "", "submeshes": [{"boundings": {"bb": {"max_x": 0.25, "max_y": 0.25, "max_z": 0, "min_x": -0.25, "min_y": -0.25, "min_z": 0}, "be_ax": [0.35355, 0.35355, 0], "be_cen": [0, 0, 0], "rbb": {"rbb_c": [0.0, 0.0, 0.0], "rbb_s": [0.25, 0.25, 0.0]}, "caxis_x": [1.0, 0.0, 0.0], "caxis_y": [0.0, 1.0, 0.0], "caxis_z": [0.0, 0.0, 1.0]}, "base_length": 4, "indices": [0, 6], "position": [0, 12], "texcoord": [0, 0], "shade_tangs": [0, 0], "normal": [0, 12], "tangent": [0, 0], "group": [0, 0], "color": [0, 0], "vertex_colors": [], "uv_layers": []}], "b4w_shape_keys": [], "b4w_boundings": {"bb": {"max_x": 0.25, "max_y": 0.25, "max_z": 0, "min_x": -0.25, "min_y": -0.25, "min_z": 0}, "be_ax": [0.35355, 0.35355, 0], "be_cen": [0, 0, 0], "bs_rad": 0.37231, "bc_rad": 0.37231, "bs_cen": [0.00516, -0.02113, 0], "bc_cen": [0.00516, -0.02113, 0], "bb_src": {"max_x": 0.25, "max_y": 0.25, "max_z": 0, "min_x": -0.25, "min_y": -0.25, "min_z": 0}, "rbb": {"rbb_c": [0.0, 0.0, 0.0], "rbb_s": [0.25, 0.25, 0.0]}, "caxis_x": [1.0, 0.0, 0.0], "caxis_y": [0.0, 1.0, 0.0], "caxis_z": [0.0, 0.0, 1.0]}, "is_boundings_overridden": false}, {"name": "cube_MODIFIERS_APPLIED", "uuid": "f8071d6fdf5b5ba54a4acf7d36ce41d6", "materials": [{"uuid": "517252478b1d4921f1e287bb3bfb1554"}], "b4w_vertex_anim": [], "vertex_groups": [], "uv_textures": ["UVMap"], "active_vcol_name": "", "active_uv_name": "UVMap", "submeshes": [{"boundings": {"bb": {"max_x": 1, "max_y": 1, "max_z": 1, "min_x": -1, "min_y": -1, "min_z": -1}, "be_ax": [1.73205, 1.73205, 1.73205], "be_cen": [0, 0, 0], "rbb": {"rbb_c": [5.960464477539063e-08, -1.1920928955078125e-07, 0.0], "rbb_s": [1.0000004768371582, 1.0000004768371582, 1.0]}, "caxis_x": [1.0, 0.0, 0.0], "caxis_y": [0.0, 1.0, 0.0], "caxis_z": [0.0, 0.0, 1.0]}, "base_length": 164, "indices": [6, 564], "position": [12, 492], "texcoord": [504, 328], "shade_tangs": [0, 0], "normal": [12, 492], "tangent": [504, 656], "group": [0, 0], "color": [0, 0], "vertex_colors": [], "uv_layers": ["UVMap"]}], "b4w_shape_keys": [], "b4w_boundings": {"bb": {"max_x": 1, "max_y": 1, "max_z": 1, "min_x": -1, "min_y": -1, "min_z": -1}, "be_ax": [1.73205, 1.73205, 1.73205], "be_cen": [0, 0, 0], "bs_rad": 1.81738, "bc_rad": 1.42227, "bs_cen": [0.0826, 0.13578, -0.05728], "bc_cen": [0.01423, 0.05894, 0], "bb_src": {"max_x": 1, "max_y": 1, "max_z": 1, "min_x": -1, "min_y": -1, "min_z": -1}, "rbb": {"rbb_c": [5.960464477539063e-08, -1.1920928955078125e-07, 0.0], "rbb_s": [1.0000004768371582, 1.0000004768371582, 1.0]}, "caxis_x": [1.0, 0.0, 0.0], "caxis_y": [0.0, 1.0, 0.0], "caxis_z": [0.0, 0.0, 1.0]}, "is_boundings_overridden": false}, {"name": "shadow_plane", "uuid": "ad7837aa6512dc192441fc605fb05144", "materials": [{"uuid": "61e4262fb67a6ad39f2bc98e7c262e98"}], "b4w_vertex_anim": [], "vertex_groups": [], "uv_textures": [], "active_vcol_name": "", "active_uv_name": "", "submeshes": [{"boundings": {"bb": {"max_x": 8, "max_y": 8, "max_z": 0, "min_x": -8, "min_y": -8, "min_z": 0}, "be_ax": [11.31371, 11.31371, 0], "be_cen": [0, 0, 0], "rbb": {"rbb_c": [0.0, 0.0, 0.0], "rbb_s": [8.0, 8.0, 0.0]}, "caxis_x": [1.0, 0.0, 0.0], "caxis_y": [0.0, 1.0, 0.0], "caxis_z": [0.0, 0.0, 1.0]}, "base_length": 4, "indices": [570, 6], "position": [832, 12], "texcoord": [0, 0], "shade_tangs": [0, 0], "normal": [1160, 12], "tangent": [0, 0], "group": [0, 0], "color": [0, 0], "vertex_colors": [], "uv_layers": []}], "b4w_shape_keys": [], "b4w_boundings": {"bb": {"max_x": 8, "max_y": 8, "max_z": 0, "min_x": -8, "min_y": -8, "min_z": 0}, "be_ax": [11.31371, 11.31371, 0], "be_cen": [0, 0, 0], "bs_rad": 11.91397, "bc_rad": 11.91397, "bs_cen": [0.16499, -0.67615, 0], "bc_cen": [0.16499, -0.67615, 0], "bb_src": {"max_x": 8, "max_y": 8, "max_z": 0, "min_x": -8, "min_y": -8, "min_z": 0}, "rbb": {"rbb_c": [0.0, 0.0, 0.0], "rbb_s": [8.0, 8.0, 0.0]}, "caxis_x": [1.0, 0.0, 0.0], "caxis_y": [0.0, 1.0, 0.0], "caxis_z": [0.0, 0.0, 1.0]}, "is_boundings_overridden": false}], "armatures": [], "cameras": [{"name": "Camera", "uuid": "05f339ee3b2a6a14c827a4becb2db6f8", "type": "PERSP", "angle": 0.872665, "angle_y": 0.872665, "sensor_fit": "VERTICAL", "ortho_scale": 7.314, "clip_start": 0.1, "clip_end": 100, "dof_distance": 0, "b4w_dof_front_start": 1, "b4w_dof_front_end": 5, "b4w_dof_rear_start": 1, "b4w_dof_rear_end": 5, "b4w_dof_power": 2, "b4w_dof_bokeh": false, "b4w_dof_bokeh_intensity": 0.3, "b4w_dof_foreground_blur": false, "b4w_move_style": "TARGET", "b4w_hover_zero_level": 0.0, "b4w_trans_velocity": 1, "b4w_rot_velocity": 1, "b4w_zoom_velocity": 0.1, "b4w_use_target_distance_limits": false, "b4w_distance_min": 1, "b4w_distance_max": 10, "b4w_use_horizontal_clamping": false, "b4w_rotation_left_limit": -0.7853981852531433, "b4w_rotation_right_limit": 0.7853981852531433, "b4w_horizontal_clamping_type": "LOCAL", "b4w_use_vertical_clamping": false, "b4w_rotation_down_limit": -0.7853981852531433, "b4w_rotation_up_limit": 0.7853981852531433, "b4w_vertical_clamping_type": "LOCAL", "b4w_horizontal_translation_min": -10, "b4w_horizontal_translation_max": 10, "b4w_vertical_translation_min": -10, "b4w_vertical_translation_max": 10, "b4w_use_zooming": false, "b4w_hover_angle_min": 0.0, "b4w_hover_angle_max": 1.5707963705062866, "b4w_enable_hover_hor_rotation": true, "b4w_use_panning": true, "b4w_use_pivot_limits": false, "b4w_pivot_z_min": 0.0, "b4w_pivot_z_max": 10.0, "b4w_target": [0, 0, 1], "dof_object": null}], "curves": [], "lamps": [{"animation_data": null, "name": "Spot", "uuid": "4463d480fd03f4470c7279afc4ad2189", "type": "SPOT", "energy": 1.5, "distance": 30, "use_diffuse": true, "use_specular": true, "falloff_type": "INVERSE_SQUARE", "clip_start": 1.0007989406585693, "clip_end": 30.00200080871582, "use_sphere": false, "spot_size": 1.309, "spot_blend": 1, "b4w_generate_shadows": true, "b4w_dynamic_intensity": false, "color": [1, 1, 1]}], "sounds": [], "speakers": [], "particles": [], "objects": [{"name": "Spot", "uuid": "9b1d1652f438eae20e99c282d7184594", "type": "LAMP", "body_text": null, "data": {"uuid": "4463d480fd03f4470c7279afc4ad2189"}, "proxy": null, "dupli_group": null, "parent": null, "b4w_viewport_alignment": null, "pinverse_tsr": null, "parent_type": "OBJECT", "parent_bone": "", "b4w_cluster_data": {"cluster_id": -1, "cluster_center": null, "cluster_radius": 0}, "modifiers": [], "constraints": [], "particle_systems": [], "animation_data": null, "b4w_do_not_batch": false, "b4w_dynamic_geometry": false, "b4w_do_not_cull": false, "b4w_disable_fogging": false, "b4w_do_not_render": false, "b4w_hidden_on_load": false, "b4w_hide_chldr_on_load": false, "b4w_shadow_cast": false, "b4w_shadow_receive": false, "b4w_reflexible": false, "b4w_reflexible_only": false, "b4w_reflective": false, "b4w_reflection_type": "PLANE", "b4w_caustics": false, "b4w_wind_bending": false, "b4w_wind_bending_angle": 10, "b4w_wind_bending_freq": 0.25, "b4w_detail_bending_amp": 0.1, "b4w_detail_bending_freq": 1, "b4w_branch_bending_amp": 0.3, "b4w_main_bend_stiffness_col": "", "b4w_detail_bend_colors": {"leaves_stiffness_col": "", "leaves_phase_col": "", "overall_stiffness_col": ""}, "lod_levels": [], "b4w_proxy_inherit_anim": true, "b4w_selectable": false, "b4w_outlining": false, "b4w_billboard": false, "b4w_pres_glob_orientation": false, "b4w_billboard_geometry": "SPHERICAL", "b4w_outline_settings": {"outline_duration": 1, "outline_period": 1, "outline_relapses": 0}, "b4w_outline_on_select": false, "b4w_use_default_animation": false, "b4w_anim_behavior": "CYCLIC", "b4w_animation_mixing": false, "b4w_shadow_cast_only": false, "b4w_collision": false, "b4w_collision_id": "", "b4w_vehicle": false, "b4w_vehicle_settings": null, "b4w_character": false, "b4w_character_settings": null, "b4w_floating": false, "b4w_floating_settings": null, "pose": null, "field": null, "b4w_correct_bounding_offset": "AUTO", "game": {"physics_type": "STATIC", "use_ghost": false, "use_sleep": false, "mass": 1, "velocity_min": 0, "velocity_max": 0, "damping": 0.025, "rotation_damping": 0.159, "lock_location_x": false, "lock_location_y": false, "lock_location_z": false, "lock_rotation_x": false, "lock_rotation_y": false, "lock_rotation_z": false, "collision_margin": 0.05999999865889549, "collision_group": 1, "collision_mask": 255, "use_collision_bounds": false, "collision_bounds_type": "BOX", "use_collision_compound": false}, "pass_index": 0, "location": [4, 3, 4.5], "rotation_quaternion": [0.86602, -0.28679, 0.40958, -0.004], "scale": [1, 1, 1], "b4w_object_tags": null, "b4w_custom_prop": null, "b4w_anchor": null}, {"name": "Plane", "uuid": "95cd4601959a31650f6d26533aa1e5ed", "type": "MESH", "body_text": null, "data": {"uuid": "2467a824f48d191a49a5e45212b24fb8"}, "proxy": null, "dupli_group": null, "parent": {"uuid": "9b1d1652f438eae20e99c282d7184594"}, "b4w_viewport_alignment": null, "parent_type": "OBJECT", "parent_bone": "", "b4w_cluster_data": {"cluster_id": -1, "cluster_center": null, "cluster_radius": 0}, "modifiers": [], "constraints": [], "particle_systems": [], "animation_data": null, "b4w_do_not_batch": false, "b4w_dynamic_geometry": false, "b4w_do_not_cull": false, "b4w_disable_fogging": false, "b4w_do_not_render": false, "b4w_hidden_on_load": false, "b4w_hide_chldr_on_load": false, "b4w_shadow_cast": false, "b4w_shadow_receive": false, "b4w_reflexible": false, "b4w_reflexible_only": false, "b4w_reflective": false, "b4w_reflection_type": "PLANE", "b4w_caustics": false, "b4w_wind_bending": false, "b4w_wind_bending_angle": 10, "b4w_wind_bending_freq": 0.25, "b4w_detail_bending_amp": 0.1, "b4w_detail_bending_freq": 1, "b4w_branch_bending_amp": 0.3, "b4w_main_bend_stiffness_col": "", "b4w_detail_bend_colors": {"leaves_stiffness_col": "", "leaves_phase_col": "", "overall_stiffness_col": ""}, "lod_levels": [], "b4w_proxy_inherit_anim": true, "b4w_selectable": false, "b4w_outlining": false, "b4w_billboard": true, "b4w_pres_glob_orientation": true, "b4w_billboard_geometry": "SPHERICAL", "b4w_outline_settings": {"outline_duration": 1, "outline_period": 1, "outline_relapses": 0}, "b4w_outline_on_select": false, "b4w_use_default_animation": false, "b4w_anim_behavior": "CYCLIC", "b4w_animation_mixing": false, "b4w_shadow_cast_only": false, "b4w_collision": false, "b4w_collision_id": "", "b4w_vehicle": false, "b4w_vehicle_settings": null, "b4w_character": false, "b4w_character_settings": null, "b4w_floating": false, "b4w_floating_settings": null, "pose": null, "field": null, "b4w_correct_bounding_offset": "AUTO", "game": {"physics_type": "STATIC", "use_ghost": false, "use_sleep": false, "mass": 1, "velocity_min": 0, "velocity_max": 0, "damping": 0.04, "rotation_damping": 0.1, "lock_location_x": false, "lock_location_y": false, "lock_location_z": false, "lock_rotation_x": false, "lock_rotation_y": false, "lock_rotation_z": false, "collision_margin": 0.03999999910593033, "collision_group": 1, "collision_mask": 65535, "use_collision_bounds": false, "collision_bounds_type": "BOX", "use_collision_compound": false}, "pass_index": 0, "pinverse_tsr": [1.24966, 0.65559, -6.57712, 1, 1, 1, 0.28679, -0.40958, 0.004], "location": [0, 0, 0], "rotation_quaternion": [0.4964, 0.77919, 0.37361, -0.08283], "scale": [1, 1, 1], "b4w_object_tags": null, "b4w_custom_prop": null, "b4w_anchor": null}, {"name": "cube", "uuid": "069a52e948d4966bb7e74433ac893d9f", "type": "MESH", "body_text": null, "data": {"uuid": "f8071d6fdf5b5ba54a4acf7d36ce41d6"}, "proxy": null, "dupli_group": null, "parent": null, "b4w_viewport_alignment": null, "pinverse_tsr": null, "parent_type": "OBJECT", "parent_bone": "", "b4w_cluster_data": {"cluster_id": -1, "cluster_center": null, "cluster_radius": 0}, "modifiers": [], "constraints": [], "particle_systems": [], "animation_data": null, "b4w_do_not_batch": false, "b4w_dynamic_geometry": false, "b4w_do_not_cull": false, "b4w_disable_fogging": false, "b4w_do_not_render": false, "b4w_hidden_on_load": false, "b4w_hide_chldr_on_load": false, "b4w_shadow_cast": true, "b4w_shadow_receive": true, "b4w_reflexible": false, "b4w_reflexible_only": false, "b4w_reflective": false, "b4w_reflection_type": "PLANE", "b4w_caustics": false, "b4w_wind_bending": false, "b4w_wind_bending_angle": 10, "b4w_wind_bending_freq": 0.25, "b4w_detail_bending_amp": 0.1, "b4w_detail_bending_freq": 1, "b4w_branch_bending_amp": 0.3, "b4w_main_bend_stiffness_col": "", "b4w_detail_bend_colors": {"leaves_stiffness_col": "", "leaves_phase_col": "", "overall_stiffness_col": ""}, "lod_levels": [], "b4w_proxy_inherit_anim": true, "b4w_selectable": false, "b4w_outlining": false, "b4w_billboard": false, "b4w_pres_glob_orientation": false, "b4w_billboard_geometry": "SPHERICAL", "b4w_outline_settings": {"outline_duration": 1, "outline_period": 1, "outline_relapses": 0}, "b4w_outline_on_select": false, "b4w_use_default_animation": false, "b4w_anim_behavior": "CYCLIC", "b4w_animation_mixing": false, "b4w_shadow_cast_only": false, "b4w_collision": false, "b4w_collision_id": "", "b4w_vehicle": false, "b4w_vehicle_settings": null, "b4w_character": false, "b4w_character_settings": null, "b4w_floating": false, "b4w_floating_settings": null, "pose": null, "field": null, "b4w_correct_bounding_offset": "AUTO", "game": {"physics_type": "STATIC", "use_ghost": false, "use_sleep": false, "mass": 1, "velocity_min": 0, "velocity_max": 0, "damping": 0.025, "rotation_damping": 0.159, "lock_location_x": false, "lock_location_y": false, "lock_location_z": false, "lock_rotation_x": false, "lock_rotation_y": false, "lock_rotation_z": false, "collision_margin": 0.05999999865889549, "collision_group": 1, "collision_mask": 255, "use_collision_bounds": false, "collision_bounds_type": "BOX", "use_collision_compound": false}, "pass_index": 0, "location": [0, 0, 1.1], "rotation_quaternion": [1, 0, 0, 0], "scale": [1, 1, 1], "b4w_object_tags": null, "b4w_custom_prop": null, "b4w_anchor": null}, {"name": "Camera", "uuid": "2bfb4ab3a217e8bb6e1535dc55435a03", "type": "CAMERA", "body_text": null, "data": {"uuid": "05f339ee3b2a6a14c827a4becb2db6f8"}, "proxy": null, "dupli_group": null, "parent": null, "b4w_viewport_alignment": null, "pinverse_tsr": null, "parent_type": "OBJECT", "parent_bone": "", "b4w_cluster_data": {"cluster_id": -1, "cluster_center": null, "cluster_radius": 0}, "modifiers": [], "constraints": [], "particle_systems": [], "animation_data": null, "b4w_do_not_batch": false, "b4w_dynamic_geometry": false, "b4w_do_not_cull": false, "b4w_disable_fogging": false, "b4w_do_not_render": false, "b4w_hidden_on_load": false, "b4w_hide_chldr_on_load": false, "b4w_shadow_cast": false, "b4w_shadow_receive": false, "b4w_reflexible": false, "b4w_reflexible_only": false, "b4w_reflective": false, "b4w_reflection_type": "PLANE", "b4w_caustics": false, "b4w_wind_bending": false, "b4w_wind_bending_angle": 10, "b4w_wind_bending_freq": 0.25, "b4w_detail_bending_amp": 0.1, "b4w_detail_bending_freq": 1, "b4w_branch_bending_amp": 0.3, "b4w_main_bend_stiffness_col": "", "b4w_detail_bend_colors": {"leaves_stiffness_col": "", "leaves_phase_col": "", "overall_stiffness_col": ""}, "lod_levels": [], "b4w_proxy_inherit_anim": true, "b4w_selectable": false, "b4w_outlining": false, "b4w_billboard": false, "b4w_pres_glob_orientation": false, "b4w_billboard_geometry": "SPHERICAL", "b4w_outline_settings": {"outline_duration": 1, "outline_period": 1, "outline_relapses": 0}, "b4w_outline_on_select": false, "b4w_use_default_animation": false, "b4w_anim_behavior": "CYCLIC", "b4w_animation_mixing": false, "b4w_shadow_cast_only": false, "b4w_collision": false, "b4w_collision_id": "", "b4w_vehicle": false, "b4w_vehicle_settings": null, "b4w_character": false, "b4w_character_settings": null, "b4w_floating": false, "b4w_floating_settings": null, "pose": null, "field": null, "b4w_correct_bounding_offset": "AUTO", "game": {"physics_type": "STATIC", "use_ghost": false, "use_sleep": false, "mass": 1, "velocity_min": 0, "velocity_max": 0, "damping": 0.566, "rotation_damping": 0.626, "lock_location_x": false, "lock_location_y": false, "lock_location_z": false, "lock_rotation_x": false, "lock_rotation_y": false, "lock_rotation_z": false, "collision_margin": 0.05999999865889549, "collision_group": 1, "collision_mask": 255, "use_collision_bounds": false, "collision_bounds_type": "BOX", "use_collision_compound": false}, "pass_index": 0, "location": [3.53176, 3.53242, 3.48338], "rotation_quaternion": [0.32526, 0.20154, 0.48661, 0.78536], "scale": [1, 1, 1], "b4w_object_tags": null, "b4w_custom_prop": null, "b4w_anchor": null}, {"name": "shadow_plane", "uuid": "f228f98d3826248c92c9d504ef0b5f3f", "type": "MESH", "body_text": null, "data": {"uuid": "ad7837aa6512dc192441fc605fb05144"}, "proxy": null, "dupli_group": null, "parent": null, "b4w_viewport_alignment": null, "pinverse_tsr": null, "parent_type": "OBJECT", "parent_bone": "", "b4w_cluster_data": {"cluster_id": -1, "cluster_center": null, "cluster_radius": 0}, "modifiers": [], "constraints": [], "particle_systems": [], "animation_data": null, "b4w_do_not_batch": false, "b4w_dynamic_geometry": false, "b4w_do_not_cull": false, "b4w_disable_fogging": false, "b4w_do_not_render": false, "b4w_hidden_on_load": false, "b4w_hide_chldr_on_load": false, "b4w_shadow_cast": false, "b4w_shadow_receive": true, "b4w_reflexible": false, "b4w_reflexible_only": false, "b4w_reflective": false, "b4w_reflection_type": "PLANE", "b4w_caustics": false, "b4w_wind_bending": false, "b4w_wind_bending_angle": 10, "b4w_wind_bending_freq": 0.25, "b4w_detail_bending_amp": 0.1, "b4w_detail_bending_freq": 1, "b4w_branch_bending_amp": 0.3, "b4w_main_bend_stiffness_col": "", "b4w_detail_bend_colors": {"leaves_stiffness_col": "", "leaves_phase_col": "", "overall_stiffness_col": ""}, "lod_levels": [], "b4w_proxy_inherit_anim": true, "b4w_selectable": false, "b4w_outlining": false, "b4w_billboard": false, "b4w_pres_glob_orientation": false, "b4w_billboard_geometry": "SPHERICAL", "b4w_outline_settings": {"outline_duration": 1, "outline_period": 1, "outline_relapses": 0}, "b4w_outline_on_select": false, "b4w_use_default_animation": false, "b4w_anim_behavior": "CYCLIC", "b4w_animation_mixing": false, "b4w_shadow_cast_only": false, "b4w_collision": false, "b4w_collision_id": "", "b4w_vehicle": false, "b4w_vehicle_settings": null, "b4w_character": false, "b4w_character_settings": null, "b4w_floating": false, "b4w_floating_settings": null, "pose": null, "field": null, "b4w_correct_bounding_offset": "AUTO", "game": {"physics_type": "STATIC", "use_ghost": false, "use_sleep": false, "mass": 1, "velocity_min": 0, "velocity_max": 0, "damping": 0.04, "rotation_damping": 0.1, "lock_location_x": false, "lock_location_y": false, "lock_location_z": false, "lock_rotation_x": false, "lock_rotation_y": false, "lock_rotation_z": false, "collision_margin": 0.03999999910593033, "collision_group": 1, "collision_mask": 65535, "use_collision_bounds": false, "collision_bounds_type": "BOX", "use_collision_compound": false}, "pass_index": 0, "location": [0, 0, 0], "rotation_quaternion": [1, 0, 0, 0], "scale": [4, 4, 4], "b4w_object_tags": null, "b4w_custom_prop": null, "b4w_anchor": null}], "groups": [], "scenes": [{"name": "Scene", "uuid": "b2b288aa3f82f9cc0c9386be6dc44ca9", "b4w_use_nla": false, "b4w_nla_cyclic": false, "b4w_logic_nodes": [], "b4w_use_logic_editor": false, "b4w_enable_dynamic_compressor": false, "b4w_dynamic_compressor_settings": {"threshold": -24, "knee": 30, "ratio": 12, "attack": 0.003, "release": 0.25}, "b4w_shadow_settings": {"csm_resolution": 512, "blur_samples": "16x", "soft_shadows": true, "self_shadow_polygon_offset": 1, "self_shadow_normal_offset": 0.07, "b4w_enable_csm": false, "csm_num": 1, "csm_first_cascade_border": 10, "first_cascade_blur_radius": 5, "csm_last_cascade_border": 100, "last_cascade_blur_radius": 1.5, "fade_last_cascade": true, "blend_between_cascades": true}, "b4w_god_rays_settings": {"intensity": 0.7, "max_ray_length": 1, "steps_per_pass": 10}, "b4w_ssao_settings": {"radius_increase": 3, "hemisphere": false, "blur_depth": false, "blur_discard_value": 1, "influence": 0.7, "dist_factor": 0, "samples": 16}, "b4w_color_correction_settings": {"brightness": 0, "contrast": 0, "exposure": 1, "saturation": 1}, "b4w_bloom_settings": {"key": 1, "blur": 4, "edge_lum": 1, "adaptive": true, "average_luminance": 0.5}, "b4w_motion_blur_settings": {"motion_blur_factor": 0.01, "motion_blur_decay_threshold": 0.01}, "b4w_glow_settings": {"render_glow_over_blend": true, "small_glow_mask_coeff": 2, "large_glow_mask_coeff": 2, "small_glow_mask_width": 2, "large_glow_mask_width": 6}, "b4w_outline_color": [1, 1, 1], "b4w_outline_factor": 1, "b4w_enable_physics": "AUTO", "b4w_render_shadows": "AUTO", "b4w_render_reflections": "ON", "b4w_reflection_quality": "MEDIUM", "b4w_render_refractions": "AUTO", "b4w_render_dynamic_grass": "AUTO", "b4w_enable_god_rays": false, "b4w_enable_glow_materials": "AUTO", "b4w_enable_ssao": false, "b4w_batch_grid_size": 0, "b4w_anisotropic_filtering": "8x", "b4w_enable_bloom": false, "b4w_enable_motion_blur": false, "b4w_enable_color_correction": false, "b4w_antialiasing_quality": "MEDIUM", "b4w_enable_object_selection": "AUTO", "b4w_enable_outlining": "AUTO", "b4w_enable_anchors_visibility": "AUTO", "b4w_lod_smooth_type": "NON-OPAQUE", "b4w_lod_hyst_interval": 4.0, "b4w_tags": null, "b4w_custom_prop": null, "objects": [{"uuid": "9b1d1652f438eae20e99c282d7184594"}, {"uuid": "95cd4601959a31650f6d26533aa1e5ed"}, {"uuid": "069a52e948d4966bb7e74433ac893d9f"}, {"uuid": "2bfb4ab3a217e8bb6e1535dc55435a03"}, {"uuid": "f228f98d3826248c92c9d504ef0b5f3f"}], "camera": {"uuid": "2bfb4ab3a217e8bb6e1535dc55435a03"}, "world": {"uuid": "8edfecee4d77a360b35da12eac0f2a55"}, "frame_start": 1, "frame_end": 250, "timeline_markers": null, "fps": 24, "audio_volume": 1, "audio_doppler_speed": 343.3, "audio_doppler_factor": 1, "audio_distance_model": "INVERSE_CLAMPED"}], "worlds": [{"name": "World", "uuid": "8edfecee4d77a360b35da12eac0f2a55", "texture_slots": [], "use_orco_tex_coord": false, "horizon_color": [0.3529, 0.7289, 1], "zenith_color": [1, 1, 1], "use_sky_paper": false, "use_sky_blend": true, "use_sky_real": false, "b4w_use_default_animation": false, "b4w_anim_behavior": "CYCLIC", "use_nodes": false, "uv_vc_key": "", "light_settings": {"use_environment_light": true, "environment_energy": 0.2, "environment_color": "SKY_COLOR"}, "b4w_sky_settings": {"render_sky": true, "reflexible": true, "reflexible_only": false, "procedural_skydome": false, "use_as_environment_lighting": false, "color": [0.087, 0.255, 0.6], "rayleigh_brightness": 3.3, "mie_brightness": 0.1, "spot_brightness": 20, "scatter_strength": 0.2, "rayleigh_strength": 0.2, "mie_strength": 0.006, "rayleigh_collection_power": 0.35, "mie_collection_power": 0.5, "mie_distribution": 0.4}, "fog_settings": {"use_fog": false, "intensity": 0, "depth": 25, "start": 5, "height": 0, "falloff": "QUADRATIC", "use_custom_color": false, "color": [0.5, 0.5, 0.5]}, "animation_data": null, "node_tree": null}], "node_groups": [{"name": "B4W_SMOOTHSTEP", "use_orco_tex_coord": false, "uv_vc_key": "", "uuid": "fc777e24be1974df355661532803e91e", "node_tree": {"nodes": [{"name": "Math.007", "type": "MATH", "operation": "SUBTRACT", "use_clamp": false, "inputs": [{"name": "Value", "identifier": "Value", "is_linked": true, "default_value": 3}, {"name": "Value", "identifier": "Value_001", "is_linked": true, "default_value": 2}], "outputs": [{"name": "Value", "identifier": "Value", "is_linked": true, "default_value": 0}]}, {"name": "Math.006", "type": "MATH", "operation": "SUBTRACT", "use_clamp": false, "inputs": [{"name": "Value", "identifier": "Value", "is_linked": true, "default_value": 3}, {"name": "Value", "identifier": "Value_001", "is_linked": true, "default_value": 2}], "outputs": [{"name": "Value", "identifier": "Value", "is_linked": true, "default_value": 0}]}, {"name": "Group Input", "type": "GROUP_INPUT", "inputs": [], "outputs": [{"name": "Value", "identifier": "Input_1", "is_linked": true, "default_value": 0.5}, {"name": "Edge0", "identifier": "Input_5", "is_linked": true, "default_value": 2}, {"name": "Edge1", "identifier": "Input_7", "is_linked": true, "default_value": 3}]}, {"name": "Math.008", "type": "MATH", "operation": "DIVIDE", "use_clamp": false, "inputs": [{"name": "Value", "identifier": "Value", "is_linked": true, "default_value": 3}, {"name": "Value", "identifier": "Value_001", "is_linked": true, "default_value": 2}], "outputs": [{"name": "Value", "identifier": "Value", "is_linked": true, "default_value": 0}]}, {"name": "Math", "type": "MATH", "operation": "MINIMUM", "use_clamp": false, "inputs": [{"name": "Value", "identifier": "Value", "is_linked": true, "default_value": 0.5}, {"name": "Value", "identifier": "Value_001", "is_linked": false, "default_value": 1}], "outputs": [{"name": "Value", "identifier": "Value", "is_linked": true, "default_value": 0}]}, {"name": "Math.001", "type": "MATH", "operation": "MAXIMUM", "use_clamp": false, "inputs": [{"name": "Value", "identifier": "Value", "is_linked": true, "default_value": 1}, {"name": "Value", "identifier": "Value_001", "is_linked": false, "default_value": 0}], "outputs": [{"name": "Value", "identifier": "Value", "is_linked": true, "default_value": 0}]}, {"name": "Math.004", "type": "MATH", "operation": "MULTIPLY", "use_clamp": false, "inputs": [{"name": "Value", "identifier": "Value", "is_linked": true, "default_value": 0.5}, {"name": "Value", "identifier": "Value_001", "is_linked": false, "default_value": 2}], "outputs": [{"name": "Value", "identifier": "Value", "is_linked": true, "default_value": 0}]}, {"name": "Math.002", "type": "MATH", "operation": "MULTIPLY", "use_clamp": false, "inputs": [{"name": "Value", "identifier": "Value", "is_linked": true, "default_value": 0.5}, {"name": "Value", "identifier": "Value_001", "is_linked": true, "default_value": 0.5}], "outputs": [{"name": "Value", "identifier": "Value", "is_linked": true, "default_value": 0}]}, {"name": "Math.005", "type": "MATH", "operation": "SUBTRACT", "use_clamp": false, "inputs": [{"name": "Value", "identifier": "Value", "is_linked": false, "default_value": 3}, {"name": "Value", "identifier": "Value_001", "is_linked": true, "default_value": 2}], "outputs": [{"name": "Value", "identifier": "Value", "is_linked": true, "default_value": 0}]}, {"name": "Math.003", "type": "MATH", "operation": "MULTIPLY", "use_clamp": false, "inputs": [{"name": "Value", "identifier": "Value", "is_linked": true, "default_value": 0.5}, {"name": "Value", "identifier": "Value_001", "is_linked": true, "default_value": 0.5}], "outputs": [{"name": "Value", "identifier": "Value", "is_linked": true, "default_value": 0}]}, {"name": "Group Output", "type": "GROUP_OUTPUT", "inputs": [{"name": "Value", "identifier": "Output_3", "is_linked": true, "default_value": 0}], "outputs": []}], "links": [{"from_node": {"name": "Math.001"}, "to_node": {"name": "Math.002"}, "from_socket": {"identifier": "Value"}, "to_socket": {"identifier": "Value"}}, {"from_node": {"name": "Math.001"}, "to_node": {"name": "Math.002"}, "from_socket": {"identifier": "Value"}, "to_socket": {"identifier": "Value_001"}}, {"from_node": {"name": "Math.002"}, "to_node": {"name": "Math.003"}, "from_socket": {"identifier": "Value"}, "to_socket": {"identifier": "Value"}}, {"from_node": {"name": "Math.003"}, "to_node": {"name": "Group Output"}, "from_socket": {"identifier": "Value"}, "to_socket": {"identifier": "Output_3"}}, {"from_node": {"name": "Math.001"}, "to_node": {"name": "Math.004"}, "from_socket": {"identifier": "Value"}, "to_socket": {"identifier": "Value"}}, {"from_node": {"name": "Math.004"}, "to_node": {"name": "Math.005"}, "from_socket": {"identifier": "Value"}, "to_socket": {"identifier": "Value_001"}}, {"from_node": {"name": "Math.005"}, "to_node": {"name": "Math.003"}, "from_socket": {"identifier": "Value"}, "to_socket": {"identifier": "Value_001"}}, {"from_node": {"name": "Group Input"}, "to_node": {"name": "Math.006"}, "from_socket": {"identifier": "Input_1"}, "to_socket": {"identifier": "Value"}}, {"from_node": {"name": "Group Input"}, "to_node": {"name": "Math.006"}, "from_socket": {"identifier": "Input_5"}, "to_socket": {"identifier": "Value_001"}}, {"from_node": {"name": "Group Input"}, "to_node": {"name": "Math.007"}, "from_socket": {"identifier": "Input_7"}, "to_socket": {"identifier": "Value"}}, {"from_node": {"name": "Group Input"}, "to_node": {"name": "Math.007"}, "from_socket": {"identifier": "Input_5"}, "to_socket": {"identifier": "Value_001"}}, {"from_node": {"name": "Math.006"}, "to_node": {"name": "Math.008"}, "from_socket": {"identifier": "Value"}, "to_socket": {"identifier": "Value"}}, {"from_node": {"name": "Math.007"}, "to_node": {"name": "Math.008"}, "from_socket": {"identifier": "Value"}, "to_socket": {"identifier": "Value_001"}}, {"from_node": {"name": "Math.008"}, "to_node": {"name": "Math"}, "from_socket": {"identifier": "Value"}, "to_socket": {"identifier": "Value"}}, {"from_node": {"name": "Math"}, "to_node": {"name": "Math.001"}, "from_socket": {"identifier": "Value"}, "to_socket": {"identifier": "Value"}}], "animation_data": null}}], "binaries": [{"binfile": "gim.bin", "int": 0, "float": 2304, "short": 5680, "ushort": 8024, "uchar": 8024}], "b4w_export_warnings": [], "b4w_export_errors": []}